[
 {"CHANGWATSHORTNAME": "กจ", "CHANGWATNAME": "กาญจนบุรี"},
 {"CHANGWATSHORTNAME": "กท", "CHANGWATNAME": "กรุงเทพมหานคร"},
 {"CHANGWATSHORTNAME": "กบ", "CHANGWATNAME": "กระบี่"},
 {"CHANGWATSHORTNAME": "กพ", "CHANGWATNAME": "กำแพงเพชร"},
 {"CHANGWATSHORTNAME": "กส", "CHANGWATNAME": "กาฬสินธุ์"},
 {"CHANGWATSHORTNAME": "ขก", "CHANGWATNAME": "ขอนแก่น"},
 {"CHANGWATSHORTNAME": "จบ", "CHANGWATNAME": "จันทบุรี"},
 {"CHANGWATSHORTNAME": "ฉช", "CHANGWATNAME": "ฉะเชิงเทรา"},
 {"CHANGWATSHORTNAME": "ชน", "CHANGWATNAME": "ชัยนาท"},
 {"CHANGWATSHORTNAME": "ชบ", "CHANGWATNAME": "ชลบุรี"},
 {"CHANGWATSHORTNAME": "ชพ", "CHANGWATNAME": "ชุมพร"},
 {"CHANGWATSHORTNAME": "ชม", "CHANGWATNAME": "เชียงใหม่"},
 {"CHANGWATSHORTNAME": "ชย", "CHANGWATNAME": "ชัยภูมิ"},
 {"CHANGWATSHORTNAME": "ชร", "CHANGWATNAME": "เชียงราย"},
 {"CHANGWATSHORTNAME": "ตก", "CHANGWATNAME": "ตาก"},
 {"CHANGWATSHORTNAME": "ตง", "CHANGWATNAME": "ตรัง"},
 {"CHANGWATSHORTNAME": "ตร", "CHANGWATNAME": "ตราด"},
 {"CHANGWATSHORTNAME": "นค", "CHANGWATNAME": "หนองคาย"},
 {"CHANGWATSHORTNAME": "นฐ", "CHANGWATNAME": "นครปฐม"},
 {"CHANGWATSHORTNAME": "นธ", "CHANGWATNAME": "นราธิวาส"},
 {"CHANGWATSHORTNAME": "นน", "CHANGWATNAME": "น่าน"},
 {"CHANGWATSHORTNAME": "นบ", "CHANGWATNAME": "นนทบุรี"},
 {"CHANGWATSHORTNAME": "นพ", "CHANGWATNAME": "นครพนม"},
 {"CHANGWATSHORTNAME": "นภ", "CHANGWATNAME": "หนองบัวลำภู"},
 {"CHANGWATSHORTNAME": "นม", "CHANGWATNAME": "นครราชสีมา"},
 {"CHANGWATSHORTNAME": "นย", "CHANGWATNAME": "นครนายก"},
 {"CHANGWATSHORTNAME": "นว", "CHANGWATNAME": "นครสวรรค์"},
 {"CHANGWATSHORTNAME": "นศ", "CHANGWATNAME": "นครศรีธรรมราช"},
 {"CHANGWATSHORTNAME": "บก", "CHANGWATNAME": "บึงกาฬ"},
 {"CHANGWATSHORTNAME": "บต", "CHANGWATNAME": "อ.เบตง จ.ยะลา"},
 {"CHANGWATSHORTNAME": "บร", "CHANGWATNAME": "บุรีรัมย์"},
 {"CHANGWATSHORTNAME": "ปข", "CHANGWATNAME": "ประจวบคีรีขันธ์"},
 {"CHANGWATSHORTNAME": "ปจ", "CHANGWATNAME": "ปราจีนบุรี"},
 {"CHANGWATSHORTNAME": "ปท", "CHANGWATNAME": "ปทุมธานี"},
 {"CHANGWATSHORTNAME": "ปน", "CHANGWATNAME": "ปัตตานี"},
 {"CHANGWATSHORTNAME": "พง", "CHANGWATNAME": "พังงา"},
 {"CHANGWATSHORTNAME": "พจ", "CHANGWATNAME": "พิจิตร"},
 {"CHANGWATSHORTNAME": "พช", "CHANGWATNAME": "เพชรบูรณ์"},
 {"CHANGWATSHORTNAME": "พท", "CHANGWATNAME": "พัทลุง"},
 {"CHANGWATSHORTNAME": "พบ", "CHANGWATNAME": "เพชรบุรี"},
 {"CHANGWATSHORTNAME": "พย", "CHANGWATNAME": "พะเยา"},
 {"CHANGWATSHORTNAME": "พร", "CHANGWATNAME": "แพร่"},
 {"CHANGWATSHORTNAME": "พล", "CHANGWATNAME": "พิษณุโลก"},
 {"CHANGWATSHORTNAME": "ภก", "CHANGWATNAME": "ภูเก็ต"},
 {"CHANGWATSHORTNAME": "มค", "CHANGWATNAME": "มหาสารคาม"},
 {"CHANGWATSHORTNAME": "มส", "CHANGWATNAME": "แม่ฮ่องสอน"},
 {"CHANGWATSHORTNAME": "มห", "CHANGWATNAME": "มุกดาหาร"},
 {"CHANGWATSHORTNAME": "ยล", "CHANGWATNAME": "ยะลา"},
 {"CHANGWATSHORTNAME": "ยส", "CHANGWATNAME": "ยโสธร"},
 {"CHANGWATSHORTNAME": "รน", "CHANGWATNAME": "ระนอง"},
 {"CHANGWATSHORTNAME": "รบ", "CHANGWATNAME": "ราชบุรี"},
 {"CHANGWATSHORTNAME": "รย", "CHANGWATNAME": "ระยอง"},
 {"CHANGWATSHORTNAME": "รอ", "CHANGWATNAME": "ร้อยเอ็ด"},
 {"CHANGWATSHORTNAME": "ลบ", "CHANGWATNAME": "ลพบุรี"},
 {"CHANGWATSHORTNAME": "ลป", "CHANGWATNAME": "ลำปาง"},
 {"CHANGWATSHORTNAME": "ลพ", "CHANGWATNAME": "ลำพูน"},
 {"CHANGWATSHORTNAME": "ลย", "CHANGWATNAME": "เลย"},
 {"CHANGWATSHORTNAME": "ศก", "CHANGWATNAME": "ศรีสะเกษ"},
 {"CHANGWATSHORTNAME": "สก", "CHANGWATNAME": "สระแก้ว"},
 {"CHANGWATSHORTNAME": "สข", "CHANGWATNAME": "สงขลา"},
 {"CHANGWATSHORTNAME": "สค", "CHANGWATNAME": "สมุทรสาคร"},
 {"CHANGWATSHORTNAME": "สฎ", "CHANGWATNAME": "สุราษฎร์ธานี"},
 {"CHANGWATSHORTNAME": "สต", "CHANGWATNAME": "สตูล"},
 {"CHANGWATSHORTNAME": "สท", "CHANGWATNAME": "สุโขทัย"},
 {"CHANGWATSHORTNAME": "สน", "CHANGWATNAME": "สกลนคร"},
 {"CHANGWATSHORTNAME": "สบ", "CHANGWATNAME": "สระบุรี"},
 {"CHANGWATSHORTNAME": "สป", "CHANGWATNAME": "สมุทรปราการ"},
 {"CHANGWATSHORTNAME": "สพ", "CHANGWATNAME": "สุพรรณบุรี"},
 {"CHANGWATSHORTNAME": "สร", "CHANGWATNAME": "สุรินทร์"},
 {"CHANGWATSHORTNAME": "สส", "CHANGWATNAME": "สมุทรสงคราม"},
 {"CHANGWATSHORTNAME": "สห", "CHANGWATNAME": "สิงห์บุรี"},
 {"CHANGWATSHORTNAME": "อจ", "CHANGWATNAME": "อำนาจเจริญ"},
 {"CHANGWATSHORTNAME": "อด", "CHANGWATNAME": "อุดรธานี"},
 {"CHANGWATSHORTNAME": "อต", "CHANGWATNAME": "อุตรดิตถ์"},
 {"CHANGWATSHORTNAME": "อท", "CHANGWATNAME": "อ่างทอง"},
 {"CHANGWATSHORTNAME": "อน", "CHANGWATNAME": "อุทัยธานี"},
 {"CHANGWATSHORTNAME": "อบ", "CHANGWATNAME": "อุบลราชธานี"},
 {"CHANGWATSHORTNAME": "อย", "CHANGWATNAME": "พระนครศรีอยุธยา"}
]